Name,Associated Groups,Description,ID
admin@338,,"admin@338 is a China-based cyber threat group. It has previously used newsworthy events as lures to deliver malware and has primarily targeted organizations involved in financial, economic, and trade policy, typically using publicly available RATs such as PoisonIvy, as well as some non-public backdoors. ",G0018
APT-C-36,Blind Eagle,"APT-C-36 is a suspected South America espionage group that has been active since at least 2018. The group mainly targets Colombian government institutions as well as important corporations in the financial sector, petroleum industry, and professional manufacturing.",G0099
APT1,"Comment Crew, Comment Group, Comment Panda","APT1 is a Chinese threat group that has been attributed to the 2nd Bureau of the People’s Liberation Army (PLA) General Staff Department’s (GSD) 3rd Department, commonly known by its Military Unit Cover Designator (MUCD) as Unit 61398. ",G0006
APT12,"IXESHE, DynCalc, Numbered Panda, DNSCALC","APT12 is a threat group that has been attributed to China. The group has targeted a variety of victims including but not limited to media outlets, high-tech companies, and multiple governments.",G0005
APT16,,APT16 is a China-based threat group that has launched spearphishing campaigns targeting Japanese and Taiwanese organizations. ,G0023
APT17,Deputy Dog,"APT17 is a China-based threat group that has conducted network intrusions against U.S. government entities, the defense industry, law firms, information technology companies, mining companies, and non-government organizations. ",G0025
APT18,"TG-0416, Dynamite Panda, Threat Group-0416","APT18 is a threat group that has operated since at least 2009 and has targeted a range of industries, including technology, manufacturing, human rights groups, government, and medical. ",G0026
APT19,"Codoso, C0d0so0, Codoso Team, Sunshop Group","APT19 is a Chinese-based threat group that has targeted a variety of industries, including defense, finance, energy, pharmaceutical, telecommunications, high tech, education, manufacturing, and legal services. In 2017, a phishing campaign was used to target seven law and investment firms.  Some analysts track APT19 and Deep Panda as the same group, but it is unclear from open source information if the groups are the same.   ",G0073
APT28,"SNAKEMACKEREL, Swallowtail, Group 74, Sednit, Sofacy, Pawn Storm, Fancy Bear, STRONTIUM, Tsar Team, Threat Group-4127, TG-4127","APT28 reportedly compromised the Hillary Clinton campaign, the Democratic National Committee, and the Democratic Congressional Campaign Committee in 2016 in an attempt to interfere with the U.S. presidential election.  In 2018, the US indicted five GRU Unit 26165 officers associated with APT28 for cyber operations (including close-access operations) conducted between 2014 and 2018 against the World Anti-Doping Agency (WADA), the US Anti-Doping Agency, a US nuclear facility, the Organization for the Prohibition of Chemical Weapons (OPCW), the Spiez Swiss Chemicals Laboratory, and other organizations. Some of these were conducted with the assistance of GRU Unit 74455, which is also referred to as Sandworm Team. ",G0007
APT29,"YTTRIUM, The Dukes, Cozy Bear, CozyDuke",APT29 is threat group that has been attributed to the Russian government and has operated since at least 2008.   This group reportedly compromised the Democratic National Committee starting in the summer of 2015. ,G0016
APT3,"Gothic Panda, Pirpi, UPS Team, Buckeye, Threat Group-0110, TG-0110",MITRE has also developed an APT3 Adversary Emulation Plan.,G0022
APT30,,"APT30 is a threat group suspected to be associated with the Chinese government. While Naikon shares some characteristics with APT30, the two groups do not appear to be exact matches.",G0013
APT32,"SeaLotus, OceanLotus, APT-C-00","APT32 is a threat group that has been active since at least 2014. The group has targeted multiple private sector industries as well as with foreign governments, dissidents, and journalists with a strong focus on Southeast Asian countries like Vietnam, the Philippines, Laos, and Cambodia. They have extensively used strategic web compromises to compromise victims. The group is believed to be Vietnam-based.",G0050
APT33,"HOLMIUM, Elfin","APT33 is a suspected Iranian threat group that has carried out operations since at least 2013. The group has targeted organizations across multiple industries in the United States, Saudi Arabia, and South Korea, with a particular interest in the aviation and energy sectors.  ",G0064
APT37,"ScarCruft, Reaper, Group123, TEMP.Reaper","North Korean group definitions are known to have significant overlap, and the name Lazarus Group is known to encompass a broad range of activity. Some organizations use the name Lazarus Group to refer to any activity attributed to North Korea. Some organizations track North Korean clusters or groups such as Bluenoroff, APT37, and APT38 separately, while other organizations may track some activity associated with those group names by the name Lazarus Group.",G0067
APT38,,"North Korean group definitions are known to have significant overlap, and the name Lazarus Group is known to encompass a broad range of activity. Some organizations use the name Lazarus Group to refer to any activity attributed to North Korea. Some organizations track North Korean clusters or groups such as Bluenoroff, APT37, and APT38 separately, while other organizations may track some activity associated with those group names by the name Lazarus Group.",G0082
APT39,Chafer,APT39 is an Iranian cyber espionage group that has been active since at least 2014. They have targeted the telecommunication and travel industries to collect personal information that aligns with Iran's national priorities. ,G0087
APT41,,"APT41 is a group that carries out Chinese state-sponsored espionage activity in addition to financially motivated activity. APT41 has been active since as early as 2012. The group has been observed targeting healthcare, telecom, technology, and video game industries in 14 countries.",G0096
Axiom,Group 72,"Axiom is a cyber espionage group suspected to be associated with the Chinese government. It is responsible for the Operation SMN campaign.  Though both this group and Winnti Group use the malware Winnti for Windows, the two groups appear to be distinct based on differences in reporting on the groups' TTPs and targeting.   ",G0001
BlackOasis,,"BlackOasis is a Middle Eastern threat group that is believed to be a customer of Gamma Group. The group has shown interest in prominent figures in the United Nations, as well as opposition bloggers, activists, regional news correspondents, and think tanks.   A group known by Microsoft as NEODYMIUM is reportedly associated closely with BlackOasis operations, but evidence that the group names are aliases has not been identified. ",G0063
BlackTech,,"BlackTech is a cyber espionage group operating against targets in East Asia, particularly Taiwan, and occasionally, Japan and Hong Kong.",G0098
Blue Mockingbird,,Blue Mockingbird is a cluster of observed activity involving Monero cryptocurrency-mining payloads in dynamic-link library (DLL) form on Windows systems. The earliest observed Blue Mockingbird tools were created in December 2019.,G0108
Bouncing Golf,,Bouncing Golf is a cyberespionage campaign targeting Middle Eastern countries.,G0097
BRONZE BUTLER,"REDBALDKNIGHT, Tick","BRONZE BUTLER is a cyber espionage group with likely Chinese origins that has been active since at least 2008. The group primarily targets Japanese organizations, particularly those in government, biotechnology, electronics manufacturing, and industrial chemistry.",G0060
Carbanak,"Anunak, Carbon Spider","Carbanak is a threat group that mainly targets banks. It also refers to malware of the same name (Carbanak). It is sometimes referred to as FIN7, but these appear to be two groups using the same Carbanak malware and are therefore tracked separately.  ",G0008
Charming Kitten,,"Charming Kitten is an Iranian cyber espionage group that has been active since approximately 2014. They appear to focus on targeting individuals of interest to Iran who work in academic research, human rights, and media, with most victims having been located in Iran, the US, Israel, and the UK. [Charming Kitten often tries to access private email and Facebook accounts, and sometimes establishes a foothold on victim computers as a secondary objective. The group's TTPs overlap extensively with another group, Magic Hound, resulting in reporting that may not distinguish between the two groups' activities.",G0058
Chimera,,"Chimera is a suspected China-based threat group, targeting the semiconductor industry in Taiwan since at least 2018.",G0114
Cleaver,"Threat Group 2889, TG-2889",Cleaver is a threat group that has been attributed to Iranian actors and is responsible for activity tracked as Operation Cleaver.  Strong circumstantial evidence suggests Cleaver is linked to Threat Group 2889 (TG-2889). ,G0003
Cobalt Group,"Cobalt Gang, Cobalt Spider","Cobalt Group is a financially motivated threat group that has primarily targeted financial institutions. The group has conducted intrusions to steal money via targeting ATM systems, card processing, payment systems and SWIFT systems. Cobalt Group has mainly targeted banks in Eastern Europe, Central Asia, and Southeast Asia. One of the alleged leaders was arrested in Spain in early 2018, but the group still appears to be active. The group has been known to target organizations in order to use their access to then compromise additional victims.        Reporting indicates there may be links between Cobalt Group and both the malware Carbanak and the group Carbanak. ",G0080
CopyKittens,,"CopyKittens is an Iranian cyber espionage group that has been operating since at least 2013. It has targeted countries including Israel, Saudi Arabia, Turkey, the U.S., Jordan, and Germany. The group is responsible for the campaign known as Operation Wilted Tulip.   ",G0052
Dark Caracal,,Dark Caracal is threat group that has been attributed to the Lebanese General Directorate of General Security (GDGS) and has operated since at least 2012. ,G0070
Darkhotel,,Darkhotel is a threat group that has been active since at least 2004. The group has conducted activity on hotel and business center Wi‑Fi and physical connections as well as peer-to-peer and file sharing networks. The actors have also conducted spearphishing. ,G0012
DarkHydrus,,DarkHydrus is a threat group that has targeted government agencies and educational institutions in the Middle East since at least 2016. The group heavily leverages open-source tools and custom payloads for carrying out attacks.  ,G0079
DarkVishnya,,DarkVishnya is a financially motivated threat actor targeting financial institutions in Eastern Europe. In 2017-2018 the group attacked at least 8 banks in this region.,G0105
Deep Panda,"Shell Crew, WebMasters, KungFu Kittens, PinkPanther, Black Vine","Deep Panda is a suspected Chinese threat group known to target many industries, including government, defense, financial, and telecommunications.  The intrusion into healthcare company Anthem has been attributed to Deep Panda.  This group is also known as Shell Crew, WebMasters, KungFu Kittens, and PinkPanther.  Deep Panda also appears to be known as Black Vine based on the attribution of both group names to the Anthem intrusion.  Some analysts track Deep Panda and APT19 as the same group, but it is unclear from open source information if the groups are the same. ",G0009
Dragonfly,"TG-4192, Crouching Yeti, IRON LIBERTY, Energetic Bear","A similar group emerged in 2015 and was identified by Symantec as Dragonfly 2.0. There is debate over the extent of the overlap between Dragonfly and Dragonfly 2.0, but there is sufficient evidence to lead to these being tracked as two separate groups. ",G0035
Dragonfly 2.0,"IRON LIBERTY, DYMALLOY, Berserk Bear","Dragonfly 2.0 is a suspected Russian group that has targeted government entities and multiple U.S. critical infrastructure sectors since at least March 2016.   There is debate over the extent of overlap between Dragonfly 2.0 and Dragonfly, but there is sufficient evidence to lead to these being tracked as two separate groups. ",G0074
DragonOK,,"DragonOK is a threat group that has targeted Japanese organizations with phishing emails. Due to overlapping TTPs, including similar custom tools, DragonOK is thought to have a direct or indirect relationship with the threat group Moafee.  It is known to use a variety of malware, including Sysget/HelloBridge, PlugX, PoisonIvy, FormerFirstRat, NFlog, and NewCT. ",G0017
Dust Storm,,"Dust Storm is a threat group that has targeted multiple industries in Japan, South Korea, the United States, Europe, and several Southeast Asian countries. ",G0031
Elderwood,"Elderwood Gang, Beijing Group, Sneaky Panda","Elderwood is a suspected Chinese cyber espionage group that was reportedly responsible for the 2009 Google intrusion known as Operation Aurora.  The group has targeted defense organizations, supply chain manufacturers, human rights and nongovernmental organizations (NGOs), and IT service providers.  ",G0066
Equation,,Equation is a sophisticated threat group that employs multiple remote access tools. The group is known to use zero-day exploits and has developed the capability to overwrite the firmware of hard disk drives. ,G0020
FIN10,,FIN10 is a financially motivated threat group that has targeted organizations in North America since at least 2013 through 2016. The group uses stolen data exfiltrated from victims to extort organizations. ,G0051
FIN4,,"FIN4 is a financially-motivated threat group that has targeted confidential information related to the public financial market, particularly regarding healthcare and pharmaceutical companies, since at least 2013. FIN4 is unique in that they do not infect victims with typical persistent malware, but rather they focus on capturing credentials authorized to access email and other non-public correspondence.",G0085
FIN5,,"FIN5 is a financially motivated threat group that has targeted personally identifiable information and payment card information. The group has been active since at least 2008 and has targeted the restaurant, gaming, and hotel industries. The group is made up of actors who likely speak Russian.   ",G0053
FIN6,"Magecart Group 6, SKELETON SPIDER, ITG08",FIN6 is a cyber crime group that has stolen payment card data and sold it for profit on underground marketplaces. This group has aggressively targeted and compromised point of sale (PoS) systems in the hospitality and retail sectors.,G0037
FIN7,,"FIN7 is a financially-motivated threat group that has primarily targeted the U.S. retail, restaurant, and hospitality sectors since mid-2015. They often use point-of-sale malware. A portion of FIN7 was run out of a front company called Combi Security. FIN7 is sometimes referred to as Carbanak Group, but these appear to be two groups using the same Carbanak malware and are therefore tracked separately.    ",G0046
FIN8,,"FIN8 is a financially motivated threat group known to launch tailored spearphishing campaigns targeting the retail, restaurant, and hospitality industries.  ",G0061
Frankenstein,,Frankenstein is a campaign carried out between January and April 2019 by unknown threat actors. The campaign name comes from the actors' ability to piece together several unrelated components.  ,G0101
Gallmaker,,"Gallmaker is a cyberespionage group that has targeted victims in the Middle East and has been active since at least December 2017. The group has mainly targeted victims in the defense, military, and government sectors.",G0084
Gamaredon Group,,"Gamaredon Group is a threat group that has been active since at least 2013 and has targeted individuals likely involved in the Ukrainian government. The name Gamaredon Group comes from a misspelling of the word ""Armageddon"", which was detected in the adversary's early campaigns.",G0047
GCMAN,,GCMAN is a threat group that focuses on targeting banks for the purpose of transferring money to e-currency services. ,G0036
GOLD SOUTHFIELD,,GOLD SOUTHFIELD is a financially motivated threat group active since at least 2019 that operates the REvil Ransomware-as-a Service (RaaS). GOLD SOUTHFIELD provides backend infrastructure for affiliates recruited on underground forums to perpetrate high value deployments.,G0115
Gorgon Group,,"Gorgon Group is a threat group consisting of members who are suspected to be Pakistan-based or have other connections to Pakistan. The group has performed a mix of criminal and targeted attacks, including campaigns against government organizations in the United Kingdom, Spain, Russia, and the United States. ",G0078
Group5,,"Group5 is a threat group with a suspected Iranian nexus, though this attribution is not definite. The group has targeted individuals connected to the Syrian opposition via spearphishing and watering holes, normally using Syrian and Iranian themes. Group5 has used two commonly available remote access tools (RATs), njRAT and NanoCore, as well as an Android RAT, DroidJack. ",G0043
Honeybee,,"Honeybee is a campaign led by an unknown actor that targets humanitarian aid organizations and has been active in Vietnam, Singapore, Argentina, Japan, Indonesia, and Canada. It has been an active operation since August of 2017 and as recently as February 2018. ",G0072
Inception,"Inception Framework, Cloud Atlas","Inception is a cyber espionage group active since at least 2014. The group has targeted multiple industries and governmental entities primarily in Russia, but has also been active in the United States and throughout Europe, Asia, Africa, and the Middle East.",G0100
Ke3chang,"APT15, Mirage, Vixen Panda, GREF, Playful Dragon, RoyalAPT","Ke3chang is a threat group attributed to actors operating out of China. Ke3chang has targeted several industries, including oil, government, military, and more.   ",G0004
Kimsuky,Velvet Chollima,Kimsuky is a North Korean-based threat group that has been active since at least September 2013. The group focuses on targeting Korean think tank as well as DPRK/nuclear-related targets. The group was attributed as the actor behind the Korea Hydro & Nuclear Power Co. compromise.,G0094
Lazarus Group,"HIDDEN COBRA, Guardians of Peace, ZINC, NICKEL ACADEMY","North Korean group definitions are known to have significant overlap, and the name Lazarus Group is known to encompass a broad range of activity. Some organizations use the name Lazarus Group to refer to any activity attributed to North Korea. Some organizations track North Korean clusters or groups such as Bluenoroff, APT37, and APT38 separately, while other organizations may track some activity associated with those group names by the name Lazarus Group.",G0032
Leafminer,Raspite,Leafminer is an Iranian threat group that has targeted government organizations and business entities in the Middle East since at least early 2017. ,G0077
Leviathan,"TEMP.Jumper, APT40, TEMP.Periscope","Leviathan is a cyber espionage group that has been active since at least 2013. The group generally targets defense and government organizations, but has also targeted a range of industries including engineering firms, shipping and transportation, manufacturing, defense, government offices, and research universities in the United States, Western Europe, and along the South China Sea.  ",G0065
Lotus Blossom,"DRAGONFISH, Spring Dragon",Lotus Blossom is a threat group that has targeted government and military organizations in Southeast Asia. ,G0030
Machete,El Machete,"Machete is a group that has been active since at least 2010, targeting high-profile government entities in Latin American countries.",G0095
Magic Hound,"Cobalt Gypsy, Operation Woolen-Goldfish, Ajax Security Team, Operation Saffron Rose, Rocket Kitten, Phosphorus, Newscaster, APT35","Magic Hound is an Iranian-sponsored threat group that conducts long term, resource-intensive operations to collect intelligence, dating back as early as 2014. The group typically targets U.S. and the Middle Eastern military, as well as other organizations with government personnel, via complex social engineering campaigns.",G0059
menuPass,"Stone Panda, APT10, Red Apollo, CVNX, HOGFISH","menuPass is a threat group that appears to originate from China and has been active since approximately 2009. The group has targeted healthcare, defense, aerospace, and government sectors, and has targeted Japanese victims since at least 2014. In 2016 and 2017, the group targeted managed IT service providers, manufacturing and mining companies, and a university.      ",G0045
Moafee,,"Moafee is a threat group that appears to operate from the Guandong Province of China. Due to overlapping TTPs, including similar custom tools, Moafee is thought to have a direct or indirect relationship with the threat group DragonOK. ",G0002
Mofang,,"Mofang is a likely China-based cyber espionage group, named for its frequent practice of imitating a victim's infrastructure. This adversary has been observed since at least May 2012 conducting focused attacks against government and critical infrastructure in Myanmar, as well as several other countries and sectors including military, automobile, and weapons industries.",G0103
Molerats,"Operation Molerats, Gaza Cybergang","Molerats is a politically-motivated threat group that has been operating since 2012. The group's victims have primarily been in the Middle East, Europe, and the United States.  ",G0021
MuddyWater,"Seedworm, TEMP.Zagros","MuddyWater is an Iranian threat group that has primarily targeted Middle Eastern nations, and has also targeted European and North American nations. The group's victims are mainly in the telecommunications, government (IT services), and oil sectors. Activity from this group was previously linked to FIN7, but the group is believed to be a distinct group possibly motivated by espionage.",G0069
Naikon,,"Naikon is a threat group that has focused on targets around the South China Sea. The group has been attributed to the Chinese People’s Liberation Army’s (PLA) Chengdu Military Region Second Technical Reconnaissance Bureau(Military Unit Cover Designator 78020). While Naikon shares some characteristics with APT30, the two groups do not appear to be exact matches.",G0019
NEODYMIUM,,"NEODYMIUM is an activity group that conducted a campaign in May 2016 and has heavily targeted Turkish victims. The group has demonstrated similarity to another activity group called PROMETHIUM due to overlapping victim and campaign characteristics.   NEODYMIUM is reportedly associated closely with BlackOasis operations, but evidence that the group names are aliases has not been identified. ",G0055
Night Dragon,,Night Dragon is a campaign name for activity involving a threat group that has conducted activity originating primarily in China. ,G0014
OilRig,"IRN2, HELIX KITTEN, APT34","OilRig is a suspected Iranian threat group that has targeted Middle Eastern and international victims since at least 2014. The group has targeted a variety of industries, including financial, government, energy, chemical, and telecommunications, and has largely focused its operations within the Middle East. It appears the group carries out supply chain attacks, leveraging the trust relationship between organizations to attack their primary targets. FireEye assesses that the group works on behalf of the Iranian government based on infrastructure details that contain references to Iran, use of Iranian infrastructure, and targeting that aligns with nation-state interests.       This group was previously tracked under two distinct groups, APT34 and OilRig, but was combined due to additional reporting giving higher confidence about the overlap of the activity.",G0049
Orangeworm,,"Orangeworm is a group that has targeted organizations in the healthcare sector in the United States, Europe, and Asia since at least 2015, likely for the purpose of corporate espionage. ",G0071
Patchwork,"Hangover Group, Dropping Elephant, Chinastrats, MONSOON, Operation Hangover","Patchwork is a cyberespionage group that was first observed in December 2015. While the group has not been definitively attributed, circumstantial evidence suggests the group may be a pro-Indian or Indian entity. Patchwork has been seen targeting industries related to diplomatic and government agencies. Much of the code used by this group was copied and pasted from online forums. Patchwork was also seen operating spearphishing campaigns targeting U.S. think tank groups in March and April of 2018.    ",G0040
PittyTiger,,PittyTiger is a threat group believed to operate out of China that uses multiple different types of malware to maintain command and control.  ,G0011
PLATINUM,,PLATINUM is an activity group that has targeted victims since at least 2009. The group has focused on targets associated with governments and related organizations in South and Southeast Asia. ,G0068
Poseidon Group,,Poseidon Group is a Portuguese-speaking threat group that has been active since at least 2005. The group has a history of using information exfiltrated from victims to blackmail victim companies into contracting the Poseidon Group as a security firm. ,G0033
PROMETHIUM,StrongPity,PROMETHIUM is an activity group focused on espionage that has been active since at least 2012. The group has conducted operations globally with a heavy emphasis on Turkish targets. PROMETHIUM has demonstrated similarity to another activity group called NEODYMIUM due to overlapping victim and campaign characteristics.,G0056
Putter Panda,"APT2, MSUpdater",Putter Panda is a Chinese threat group that has been attributed to Unit 61486 of the 12th Bureau of the PLA’s 3rd General Staff Department (GSD). ,G0024
Rancor,,Rancor is a threat group that has led targeted campaigns against the South East Asia region. Rancor uses politically-motivated lures to entice victims to open malicious documents. ,G0075
Rocke,,"Rocke is an alleged Chinese-speaking adversary whose primary objective appeared to be cryptojacking, or stealing victim system resources for the purposes of mining cryptocurrency. The name Rocke comes from the email address ""rocke@live.cn"" used to create the wallet which held collected cryptocurrency. Researchers have detected overlaps between Rocke and the Iron Cybercrime Group, though this attribution has not been confirmed.",G0106
RTM,,RTM is a cybercriminal group that has been active since at least 2015 and is primarily interested in users of remote banking systems in Russia and neighboring countries. The group uses a Trojan by the same name (RTM). ,G0048
Sandworm Team,"ELECTRUM, Telebots, IRON VIKING, BlackEnergy (Group), Quedagh, VOODOO BEAR",Sandworm Team is a destructive Russian threat group that has been attributed to Russian GRU Unit 74455 by the U.S. Department of Justice and U.K. National Cyber Security Centre. Sandworm Team's most notable attacks include the 2015 and 2016 targeting of Ukrainian electrical companies and 2017's NotPetya attacks. Sandworm Team has been active since at least 2009.,G0034
Scarlet Mimic,,"Scarlet Mimic is a threat group that has targeted minority rights activists. This group has not been directly linked to a government source, but the group's motivations appear to overlap with those of the Chinese government. While there is some overlap between IP addresses used by Scarlet Mimic and Putter Panda, it has not been concluded that the groups are the same. ",G0029
Sharpshooter,,"Operation Sharpshooter is the name of a cyber espionage campaign discovered in October 2018 targeting nuclear, defense, energy, and financial companies. Though overlaps between this adversary and Lazarus Group have been noted, definitive links have not been established.",G0104
Silence,,"Silence is a financially motivated threat actor targeting financial institutions in different countries. The group was first seen in June 2016. Their main targets reside in Russia, Ukraine, Belarus, Azerbaijan, Poland and Kazakhstan. They compromised various banking systems, including the Russian Central Bank's Automated Workstation Client, ATMs, and card processing. ",G0091
SilverTerrier,,"SilverTerrier is a Nigerian threat group that has been seen active since 2014. SilverTerrier mainly targets organizations in high technology, higher education, and manufacturing.",G0083
Soft Cell,,Operation Soft Cell is a group that is reportedly affiliated with China and is likely state-sponsored. The group has operated since at least 2012 and has compromised high-profile telecommunications networks.,G0093
Sowbug,,"Sowbug is a threat group that has conducted targeted attacks against organizations in South America and Southeast Asia, particularly government entities, since at least 2015. ",G0054
Stealth Falcon,,"Stealth Falcon is a threat group that has conducted targeted spyware attacks against Emirati journalists, activists, and dissidents since at least 2012. Circumstantial evidence suggests there could be a link between this group and the United Arab Emirates (UAE) government, but that has not been confirmed. ",G0038
Stolen Pencil,,"Stolen Pencil is a threat group likely originating from DPRK that has been active since at least May 2018. The group appears to have targeted academic institutions, but its motives remain unclear.",G0086
Strider,ProjectSauron,"Strider is a threat group that has been active since at least 2011 and has targeted victims in Russia, China, Sweden, Belgium, Iran, and Rwanda.",G0041
Suckfly,,Suckfly is a China-based threat group that has been active since at least 2014. ,G0039
TA459,,"TA459 is a threat group believed to operate out of China that has targeted countries including Russia, Belarus, Mongolia, and others. ",G0062
TA505,Hive0065,TA505 is a financially motivated threat group that has been active since at least 2014. The group is known for frequently changing malware and driving global trends in criminal malware distribution.,G0092
Taidoor,,Taidoor is a threat group that has operated since at least 2009 and has primarily targeted the Taiwanese government. ,G0015
TEMP.Veles,XENOTIME,"TEMP.Veles is a Russia-based threat group that has targeted critical infrastructure. The group has been observed utilizing TRITON, a malware framework designed to manipulate industrial safety systems.",G0088
The White Company,,"The White Company is a likely state-sponsored threat actor with advanced capabilities. From 2017 through 2018, the group led an espionage campaign called Operation Shaheen targeting government and military organizations in Pakistan.",G0089
Threat Group-1314,TG-1314,Threat Group-1314 is an unattributed threat group that has used compromised credentials to log into a victim's remote access infrastructure. ,G0028
Threat Group-3390,"TG-3390, Emissary Panda, BRONZE UNION, APT27, Iron Tiger, LuckyMouse","Threat Group-3390 is a Chinese threat group that has extensively used strategic Web compromises to target victims.  The group has been active since at least 2010 and has targeted organizations in the aerospace, government, defense, technology, energy, and manufacturing sectors.  ",G0027
Thrip,,"Thrip is an espionage group that has targeted satellite communications, telecoms, and defense contractor companies in the U.S. and Southeast Asia. The group uses custom malware as well as ""living off the land"" techniques. ",G0076
Tropic Trooper,"Pirate Panda, KeyBoy","Tropic Trooper is an unaffiliated threat group that has led targeted campaigns against targets in Taiwan, the Philippines, and Hong Kong. Tropic Trooper focuses on targeting government, healthcare, transportation, and high-tech industries and has been active since 2011.",G0081
Turla,"Waterbug, WhiteBear, VENOMOUS BEAR, Snake, Krypton","Turla is a Russian-based threat group that has infected victims in over 45 countries, spanning a range of industries including government, embassies, military, education, research and pharmaceutical companies since 2004. Heightened activity was seen in mid-2015. Turla is known for conducting watering hole and spearphishing campaigns and leveraging in-house tools and malware. Turla’s espionage platform is mainly used against Windows machines, but has also been seen used against macOS and Linux machines.",G0010
UNC2452,"Solorigate, StellarParticle, Dark Halo","UNC2452 is a suspected Russian state-sponsored threat group responsible for the 2020 SolarWinds software supply chain intrusion. Victims of this campaign include government, consulting, technology, telecom, and other organizations in North America, Europe, Asia, and the Middle East. The group also compromised at least one think tank by late 2019.",G0118
Whitefly,,"Whitefly is a cyber espionage group that has been operating since at least 2017. The group has targeted organizations based mostly in Singapore across a wide variety of sectors, and is primarily interested in stealing large amounts of sensitive information. The group has been linked to an attack against Singapore’s largest public health organization, SingHealth.",G0107
Windshift,Bahamut,"Windshift is a threat group that has been active since at least 2017, targeting specific individuals for surveillance in government departments and critical infrastructure across the Middle East.",G0112
Winnti Group,Blackfly,"Winnti Group is a threat group with Chinese origins that has been active since at least 2010. The group has heavily targeted the gaming industry, but it has also expanded the scope of its targeting.    Some reporting suggests a number of other groups, including Axiom, APT17, and Ke3chang, are closely linked to Winnti Group. ",G0044
WIRTE,,WIRTE is a threat group that has been active since at least August 2018. The group focuses on targeting Middle East defense and diplomats.,G0090
Wizard Spider,"UNC1878, TEMP.MixMaster, Grim Spider","Wizard Spider is a financially motivated criminal group that has been conducting ransomware campaigns since at least August 2018 against a variety of organizations, ranging from major corporations to hospitals.",G0102
